recording_id,audio_path,species_label,species_common_name,scientific_name,species_source,recording_source,split,notes
XC1011343_-_Eurasian_Wren_-_Troglodytes_troglodytes,/Users/esmesturgess/Library/CloudStorage/GoogleDrive-esmesturgessdurden@gmail.com/My Drive/Bird_recordings/Wren /XC1011343 - Eurasian Wren - Troglodytes troglodytes.mp3,wren,Eurasian Wren,Troglodytes troglodytes,drive_folder,web,train,
XC1011523_-_Eurasian_Wren_-_Troglodytes_troglodytes,/Users/esmesturgess/Library/CloudStorage/GoogleDrive-esmesturgessdurden@gmail.com/My Drive/Bird_recordings/Wren /XC1011523 - Eurasian Wren - Troglodytes troglodytes.mp3,wren,Eurasian Wren,Troglodytes troglodytes,drive_folder,web,train,
XC1011596_-_Eurasian_Wren_-_Troglodytes_troglodytes,/Users/esmesturgess/Library/CloudStorage/GoogleDrive-esmesturgessdurden@gmail.com/My Drive/Bird_recordings/Wren /XC1011596 - Eurasian Wren - Troglodytes troglodytes.mp3,wren,Eurasian Wren,Troglodytes troglodytes,drive_folder,web,train,
XC1011601_-_Eurasian_Wren_-_Troglodytes_troglodytes,/Users/esmesturgess/Library/CloudStorage/GoogleDrive-esmesturgessdurden@gmail.com/My Drive/Bird_recordings/Wren /XC1011601 - Eurasian Wren - Troglodytes troglodytes.mp3,wren,Eurasian Wren,Troglodytes troglodytes,drive_folder,web,train,
XC1011966_-_Eurasian_Wren_-_Troglodytes_troglodytes,/Users/esmesturgess/Library/CloudStorage/GoogleDrive-esmesturgessdurden@gmail.com/My Drive/Bird_recordings/Wren /XC1011966 - Eurasian Wren - Troglodytes troglodytes.mp3,wren,Eurasian Wren,Troglodytes troglodytes,drive_folder,web,train,
XC1014917_-_Eurasian_Wren_-_Troglodytes_troglodytes,/Users/esmesturgess/Library/CloudStorage/GoogleDrive-esmesturgessdurden@gmail.com/My Drive/Bird_recordings/Wren /XC1014917 - Eurasian Wren - Troglodytes troglodytes.mp3,wren,Eurasian Wren,Troglodytes troglodytes,drive_folder,web,train,
XC1014918_-_Eurasian_Wren_-_Troglodytes_troglodytes,/Users/esmesturgess/Library/CloudStorage/GoogleDrive-esmesturgessdurden@gmail.com/My Drive/Bird_recordings/Wren /XC1014918 - Eurasian Wren - Troglodytes troglodytes.mp3,wren,Eurasian Wren,Troglodytes troglodytes,drive_folder,web,train,
XC1016414_-_Eurasian_Wren_-_Troglodytes_troglodytes,/Users/esmesturgess/Library/CloudStorage/GoogleDrive-esmesturgessdurden@gmail.com/My Drive/Bird_recordings/Wren /XC1016414 - Eurasian Wren - Troglodytes troglodytes.mp3,wren,Eurasian Wren,Troglodytes troglodytes,drive_folder,web,train,
XC1019693_-_Eurasian_Wren_-_Troglodytes_troglodytes,/Users/esmesturgess/Library/CloudStorage/GoogleDrive-esmesturgessdurden@gmail.com/My Drive/Bird_recordings/Wren /XC1019693 - Eurasian Wren - Troglodytes troglodytes.mp3,wren,Eurasian Wren,Troglodytes troglodytes,drive_folder,web,train,
XC1023365_-_Eurasian_Wren_-_Troglodytes_troglodytes,/Users/esmesturgess/Library/CloudStorage/GoogleDrive-esmesturgessdurden@gmail.com/My Drive/Bird_recordings/Wren /XC1023365 - Eurasian Wren - Troglodytes troglodytes.mp3,wren,Eurasian Wren,Troglodytes troglodytes,drive_folder,web,train,
XC1025758_-_Eurasian_Wren_-_Troglodytes_troglodytes,/Users/esmesturgess/Library/CloudStorage/GoogleDrive-esmesturgessdurden@gmail.com/My Drive/Bird_recordings/Wren /XC1025758 - Eurasian Wren - Troglodytes troglodytes.mp3,wren,Eurasian Wren,Troglodytes troglodytes,drive_folder,web,train,
XC1025759_-_Eurasian_Wren_-_Troglodytes_troglodytes,/Users/esmesturgess/Library/CloudStorage/GoogleDrive-esmesturgessdurden@gmail.com/My Drive/Bird_recordings/Wren /XC1025759 - Eurasian Wren - Troglodytes troglodytes.mp3,wren,Eurasian Wren,Troglodytes troglodytes,drive_folder,web,train,
XC1025762_-_Eurasian_Wren_-_Troglodytes_troglodytes,/Users/esmesturgess/Library/CloudStorage/GoogleDrive-esmesturgessdurden@gmail.com/My Drive/Bird_recordings/Wren /XC1025762 - Eurasian Wren - Troglodytes troglodytes.mp3,wren,Eurasian Wren,Troglodytes troglodytes,drive_folder,web,train,
XC1025763_-_Eurasian_Wren_-_Troglodytes_troglodytes,/Users/esmesturgess/Library/CloudStorage/GoogleDrive-esmesturgessdurden@gmail.com/My Drive/Bird_recordings/Wren /XC1025763 - Eurasian Wren - Troglodytes troglodytes.mp3,wren,Eurasian Wren,Troglodytes troglodytes,drive_folder,web,train,
XC1026978_-_Eurasian_Wren_-_Troglodytes_troglodytes,/Users/esmesturgess/Library/CloudStorage/GoogleDrive-esmesturgessdurden@gmail.com/My Drive/Bird_recordings/Wren /XC1026978 - Eurasian Wren - Troglodytes troglodytes.mp3,wren,Eurasian Wren,Troglodytes troglodytes,drive_folder,web,train,
XC1027802_-_Eurasian_Wren_-_Troglodytes_troglodytes,/Users/esmesturgess/Library/CloudStorage/GoogleDrive-esmesturgessdurden@gmail.com/My Drive/Bird_recordings/Wren /XC1027802 - Eurasian Wren - Troglodytes troglodytes.mp3,wren,Eurasian Wren,Troglodytes troglodytes,drive_folder,web,train,
XC1040474_-_Eurasian_Wren_-_Troglodytes_troglodytes_taivanus,/Users/esmesturgess/Library/CloudStorage/GoogleDrive-esmesturgessdurden@gmail.com/My Drive/Bird_recordings/Wren /XC1040474 - Eurasian Wren - Troglodytes troglodytes taivanus.wav,wren,Eurasian Wren,Troglodytes troglodytes,drive_folder,web,train,
XC1043082_-_Eurasian_Wren_-_Troglodytes_troglodytes_2,/Users/esmesturgess/Library/CloudStorage/GoogleDrive-esmesturgessdurden@gmail.com/My Drive/Bird_recordings/Wren /XC1043082 - Eurasian Wren - Troglodytes troglodytes 2.mp3,wren,Eurasian Wren,Troglodytes troglodytes,drive_folder,web,train,
XC1043082_-_Eurasian_Wren_-_Troglodytes_troglodytes,/Users/esmesturgess/Library/CloudStorage/GoogleDrive-esmesturgessdurden@gmail.com/My Drive/Bird_recordings/Wren /XC1043082 - Eurasian Wren - Troglodytes troglodytes.mp3,wren,Eurasian Wren,Troglodytes troglodytes,drive_folder,web,train,
XC1044015_Troglodytes_troglodytes,/Users/esmesturgess/Library/CloudStorage/GoogleDrive-esmesturgessdurden@gmail.com/My Drive/Bird_recordings/Wren /XC1044015_Troglodytes_troglodytes.wav,wren,Eurasian Wren,Troglodytes troglodytes,drive_folder,web,train,
XC1046329_Troglodytes_troglodytes,/Users/esmesturgess/Library/CloudStorage/GoogleDrive-esmesturgessdurden@gmail.com/My Drive/Bird_recordings/Wren /XC1046329_Troglodytes_troglodytes.wav,wren,Eurasian Wren,Troglodytes troglodytes,drive_folder,web,train,
XC1053191_-_Eurasian_Wren_-_Troglodytes_troglodytes,/Users/esmesturgess/Library/CloudStorage/GoogleDrive-esmesturgessdurden@gmail.com/My Drive/Bird_recordings/Wren /XC1053191 - Eurasian Wren - Troglodytes troglodytes.mp3,wren,Eurasian Wren,Troglodytes troglodytes,drive_folder,web,train,
XC1060173_-_Eurasian_Wren_-_Troglodytes_troglodytes_hirtensis,/Users/esmesturgess/Library/CloudStorage/GoogleDrive-esmesturgessdurden@gmail.com/My Drive/Bird_recordings/Wren /XC1060173 - Eurasian Wren - Troglodytes troglodytes hirtensis.wav,wren,Eurasian Wren,Troglodytes troglodytes,drive_folder,web,train,
XC1060186_-_Eurasian_Wren_-_Troglodytes_troglodytes_zetlandicus,/Users/esmesturgess/Library/CloudStorage/GoogleDrive-esmesturgessdurden@gmail.com/My Drive/Bird_recordings/Wren /XC1060186 - Eurasian Wren - Troglodytes troglodytes zetlandicus.wav,wren,Eurasian Wren,Troglodytes troglodytes,drive_folder,web,train,
XC1068101_Troglodytes_troglodytes,/Users/esmesturgess/Library/CloudStorage/GoogleDrive-esmesturgessdurden@gmail.com/My Drive/Bird_recordings/Wren /XC1068101_Troglodytes_troglodytes.wav,wren,Eurasian Wren,Troglodytes troglodytes,drive_folder,web,train,
XC1074571_-_Eurasian_Wren_-_Troglodytes_troglodytes,/Users/esmesturgess/Library/CloudStorage/GoogleDrive-esmesturgessdurden@gmail.com/My Drive/Bird_recordings/Wren /XC1074571 - Eurasian Wren - Troglodytes troglodytes.wav,wren,Eurasian Wren,Troglodytes troglodytes,drive_folder,web,train,
XC1074572_-_Eurasian_Wren_-_Troglodytes_troglodytes,/Users/esmesturgess/Library/CloudStorage/GoogleDrive-esmesturgessdurden@gmail.com/My Drive/Bird_recordings/Wren /XC1074572 - Eurasian Wren - Troglodytes troglodytes.wav,wren,Eurasian Wren,Troglodytes troglodytes,drive_folder,web,train,
XC1075276_-_Eurasian_Wren_-_Troglodytes_troglodytes,/Users/esmesturgess/Library/CloudStorage/GoogleDrive-esmesturgessdurden@gmail.com/My Drive/Bird_recordings/Wren /XC1075276 - Eurasian Wren - Troglodytes troglodytes.mp3,wren,Eurasian Wren,Troglodytes troglodytes,drive_folder,web,train,
XC1075311_-_Eurasian_Wren_-_Troglodytes_troglodytes,/Users/esmesturgess/Library/CloudStorage/GoogleDrive-esmesturgessdurden@gmail.com/My Drive/Bird_recordings/Wren /XC1075311 - Eurasian Wren - Troglodytes troglodytes.wav,wren,Eurasian Wren,Troglodytes troglodytes,drive_folder,web,train,
XC1075313_-_Eurasian_Wren_-_Troglodytes_troglodytes,/Users/esmesturgess/Library/CloudStorage/GoogleDrive-esmesturgessdurden@gmail.com/My Drive/Bird_recordings/Wren /XC1075313 - Eurasian Wren - Troglodytes troglodytes.wav,wren,Eurasian Wren,Troglodytes troglodytes,drive_folder,web,train,
XC1075414_-_Eurasian_Wren_-_Troglodytes_troglodytes_troglodytes,/Users/esmesturgess/Library/CloudStorage/GoogleDrive-esmesturgessdurden@gmail.com/My Drive/Bird_recordings/Wren /XC1075414 - Eurasian Wren - Troglodytes troglodytes troglodytes.wav,wren,Eurasian Wren,Troglodytes troglodytes,drive_folder,web,train,
XC1076036_-_Eurasian_Wren_-_Troglodytes_troglodytes,/Users/esmesturgess/Library/CloudStorage/GoogleDrive-esmesturgessdurden@gmail.com/My Drive/Bird_recordings/Wren /XC1076036 - Eurasian Wren - Troglodytes troglodytes.mp3,wren,Eurasian Wren,Troglodytes troglodytes,drive_folder,web,train,
XC1076037_-_Eurasian_Wren_-_Troglodytes_troglodytes,/Users/esmesturgess/Library/CloudStorage/GoogleDrive-esmesturgessdurden@gmail.com/My Drive/Bird_recordings/Wren /XC1076037 - Eurasian Wren - Troglodytes troglodytes.mp3,wren,Eurasian Wren,Troglodytes troglodytes,drive_folder,web,train,
XC1078118_-_Eurasian_Wren_-_Troglodytes_troglodytes,/Users/esmesturgess/Library/CloudStorage/GoogleDrive-esmesturgessdurden@gmail.com/My Drive/Bird_recordings/Wren /XC1078118 - Eurasian Wren - Troglodytes troglodytes.wav,wren,Eurasian Wren,Troglodytes troglodytes,drive_folder,web,train,
XC1078119_-_Eurasian_Wren_-_Troglodytes_troglodytes,/Users/esmesturgess/Library/CloudStorage/GoogleDrive-esmesturgessdurden@gmail.com/My Drive/Bird_recordings/Wren /XC1078119 - Eurasian Wren - Troglodytes troglodytes.wav,wren,Eurasian Wren,Troglodytes troglodytes,drive_folder,web,train,
XC1078120_-_Eurasian_Wren_-_Troglodytes_troglodytes,/Users/esmesturgess/Library/CloudStorage/GoogleDrive-esmesturgessdurden@gmail.com/My Drive/Bird_recordings/Wren /XC1078120 - Eurasian Wren - Troglodytes troglodytes.wav,wren,Eurasian Wren,Troglodytes troglodytes,drive_folder,web,train,
XC1078121_-_Eurasian_Wren_-_Troglodytes_troglodytes,/Users/esmesturgess/Library/CloudStorage/GoogleDrive-esmesturgessdurden@gmail.com/My Drive/Bird_recordings/Wren /XC1078121 - Eurasian Wren - Troglodytes troglodytes.wav,wren,Eurasian Wren,Troglodytes troglodytes,drive_folder,web,train,
XC1079259_-_Eurasian_Wren_-_Troglodytes_troglodytes,/Users/esmesturgess/Library/CloudStorage/GoogleDrive-esmesturgessdurden@gmail.com/My Drive/Bird_recordings/Wren /XC1079259 - Eurasian Wren - Troglodytes troglodytes.mp3,wren,Eurasian Wren,Troglodytes troglodytes,drive_folder,web,train,
XC1079260_-_Eurasian_Wren_-_Troglodytes_troglodytes,/Users/esmesturgess/Library/CloudStorage/GoogleDrive-esmesturgessdurden@gmail.com/My Drive/Bird_recordings/Wren /XC1079260 - Eurasian Wren - Troglodytes troglodytes.mp3,wren,Eurasian Wren,Troglodytes troglodytes,drive_folder,web,train,
XC1079263_-_Eurasian_Wren_-_Troglodytes_troglodytes,/Users/esmesturgess/Library/CloudStorage/GoogleDrive-esmesturgessdurden@gmail.com/My Drive/Bird_recordings/Wren /XC1079263 - Eurasian Wren - Troglodytes troglodytes.mp3,wren,Eurasian Wren,Troglodytes troglodytes,drive_folder,web,train,
XC1079264_-_Eurasian_Wren_-_Troglodytes_troglodytes,/Users/esmesturgess/Library/CloudStorage/GoogleDrive-esmesturgessdurden@gmail.com/My Drive/Bird_recordings/Wren /XC1079264 - Eurasian Wren - Troglodytes troglodytes.mp3,wren,Eurasian Wren,Troglodytes troglodytes,drive_folder,web,train,
XC1082624_-_Eurasian_Wren_-_Troglodytes_troglodytes,/Users/esmesturgess/Library/CloudStorage/GoogleDrive-esmesturgessdurden@gmail.com/My Drive/Bird_recordings/Wren /XC1082624 - Eurasian Wren - Troglodytes troglodytes.mp3,wren,Eurasian Wren,Troglodytes troglodytes,drive_folder,web,train,
XC1082625_-_Eurasian_Wren_-_Troglodytes_troglodytes,/Users/esmesturgess/Library/CloudStorage/GoogleDrive-esmesturgessdurden@gmail.com/My Drive/Bird_recordings/Wren /XC1082625 - Eurasian Wren - Troglodytes troglodytes.mp3,wren,Eurasian Wren,Troglodytes troglodytes,drive_folder,web,train,
XC1083692_-_Eurasian_Wren_-_Troglodytes_troglodytes,/Users/esmesturgess/Library/CloudStorage/GoogleDrive-esmesturgessdurden@gmail.com/My Drive/Bird_recordings/Wren /XC1083692 - Eurasian Wren - Troglodytes troglodytes.wav,wren,Eurasian Wren,Troglodytes troglodytes,drive_folder,web,train,
XC1084041_Troglodytes_troglodytes,/Users/esmesturgess/Library/CloudStorage/GoogleDrive-esmesturgessdurden@gmail.com/My Drive/Bird_recordings/Wren /XC1084041_Troglodytes_troglodytes.wav,wren,Eurasian Wren,Troglodytes troglodytes,drive_folder,web,train,
XC1086436_-_Eurasian_Wren_-_Troglodytes_troglodytes,/Users/esmesturgess/Library/CloudStorage/GoogleDrive-esmesturgessdurden@gmail.com/My Drive/Bird_recordings/Wren /XC1086436 - Eurasian Wren - Troglodytes troglodytes.wav,wren,Eurasian Wren,Troglodytes troglodytes,drive_folder,web,train,
XC1086531_-_Eurasian_Wren_-_Troglodytes_troglodytes,/Users/esmesturgess/Library/CloudStorage/GoogleDrive-esmesturgessdurden@gmail.com/My Drive/Bird_recordings/Wren /XC1086531 - Eurasian Wren - Troglodytes troglodytes.wav,wren,Eurasian Wren,Troglodytes troglodytes,drive_folder,web,train,
XC1088636_Troglodytes_troglodytes,/Users/esmesturgess/Library/CloudStorage/GoogleDrive-esmesturgessdurden@gmail.com/My Drive/Bird_recordings/Wren /XC1088636_Troglodytes_troglodytes.wav,wren,Eurasian Wren,Troglodytes troglodytes,drive_folder,web,train,
XC1088637_Troglodytes_troglodytes,/Users/esmesturgess/Library/CloudStorage/GoogleDrive-esmesturgessdurden@gmail.com/My Drive/Bird_recordings/Wren /XC1088637_Troglodytes_troglodytes.wav,wren,Eurasian Wren,Troglodytes troglodytes,drive_folder,web,train,
XC1088638_Troglodytes_troglodytes,/Users/esmesturgess/Library/CloudStorage/GoogleDrive-esmesturgessdurden@gmail.com/My Drive/Bird_recordings/Wren /XC1088638_Troglodytes_troglodytes.wav,wren,Eurasian Wren,Troglodytes troglodytes,drive_folder,web,train,
XC1088669_Troglodytes_troglodytes,/Users/esmesturgess/Library/CloudStorage/GoogleDrive-esmesturgessdurden@gmail.com/My Drive/Bird_recordings/Wren /XC1088669_Troglodytes_troglodytes.wav,wren,Eurasian Wren,Troglodytes troglodytes,drive_folder,web,train,
XC1088671_Troglodytes_troglodytes,/Users/esmesturgess/Library/CloudStorage/GoogleDrive-esmesturgessdurden@gmail.com/My Drive/Bird_recordings/Wren /XC1088671_Troglodytes_troglodytes.wav,wren,Eurasian Wren,Troglodytes troglodytes,drive_folder,web,train,
XC1088672_Troglodytes_troglodytes,/Users/esmesturgess/Library/CloudStorage/GoogleDrive-esmesturgessdurden@gmail.com/My Drive/Bird_recordings/Wren /XC1088672_Troglodytes_troglodytes.wav,wren,Eurasian Wren,Troglodytes troglodytes,drive_folder,web,train,
XC1088676_-_Eurasian_Wren_-_Troglodytes_troglodytes_2,/Users/esmesturgess/Library/CloudStorage/GoogleDrive-esmesturgessdurden@gmail.com/My Drive/Bird_recordings/Wren /XC1088676 - Eurasian Wren - Troglodytes troglodytes 2.wav,wren,Eurasian Wren,Troglodytes troglodytes,drive_folder,web,train,
XC1088676_-_Eurasian_Wren_-_Troglodytes_troglodytes,/Users/esmesturgess/Library/CloudStorage/GoogleDrive-esmesturgessdurden@gmail.com/My Drive/Bird_recordings/Wren /XC1088676 - Eurasian Wren - Troglodytes troglodytes.wav,wren,Eurasian Wren,Troglodytes troglodytes,drive_folder,web,train,
XC1088677_-_Eurasian_Wren_-_Troglodytes_troglodytes_2,/Users/esmesturgess/Library/CloudStorage/GoogleDrive-esmesturgessdurden@gmail.com/My Drive/Bird_recordings/Wren /XC1088677 - Eurasian Wren - Troglodytes troglodytes 2.wav,wren,Eurasian Wren,Troglodytes troglodytes,drive_folder,web,train,
XC1088677_-_Eurasian_Wren_-_Troglodytes_troglodytes,/Users/esmesturgess/Library/CloudStorage/GoogleDrive-esmesturgessdurden@gmail.com/My Drive/Bird_recordings/Wren /XC1088677 - Eurasian Wren - Troglodytes troglodytes.wav,wren,Eurasian Wren,Troglodytes troglodytes,drive_folder,web,train,
XC1088700_Troglodytes_troglodytes,/Users/esmesturgess/Library/CloudStorage/GoogleDrive-esmesturgessdurden@gmail.com/My Drive/Bird_recordings/Wren /XC1088700_Troglodytes_troglodytes.wav,wren,Eurasian Wren,Troglodytes troglodytes,drive_folder,web,train,
XC1088701_Troglodytes_troglodytes,/Users/esmesturgess/Library/CloudStorage/GoogleDrive-esmesturgessdurden@gmail.com/My Drive/Bird_recordings/Wren /XC1088701_Troglodytes_troglodytes.wav,wren,Eurasian Wren,Troglodytes troglodytes,drive_folder,web,train,
XC1088707_Troglodytes_troglodytes,/Users/esmesturgess/Library/CloudStorage/GoogleDrive-esmesturgessdurden@gmail.com/My Drive/Bird_recordings/Wren /XC1088707_Troglodytes_troglodytes.wav,wren,Eurasian Wren,Troglodytes troglodytes,drive_folder,web,train,
XC1088708_Troglodytes_troglodytes,/Users/esmesturgess/Library/CloudStorage/GoogleDrive-esmesturgessdurden@gmail.com/My Drive/Bird_recordings/Wren /XC1088708_Troglodytes_troglodytes.wav,wren,Eurasian Wren,Troglodytes troglodytes,drive_folder,web,train,
XC1088714_Troglodytes_troglodytes,/Users/esmesturgess/Library/CloudStorage/GoogleDrive-esmesturgessdurden@gmail.com/My Drive/Bird_recordings/Wren /XC1088714_Troglodytes_troglodytes.wav,wren,Eurasian Wren,Troglodytes troglodytes,drive_folder,web,train,
XC1088718_Troglodytes_troglodytes,/Users/esmesturgess/Library/CloudStorage/GoogleDrive-esmesturgessdurden@gmail.com/My Drive/Bird_recordings/Wren /XC1088718_Troglodytes_troglodytes.wav,wren,Eurasian Wren,Troglodytes troglodytes,drive_folder,web,train,
XC1088721_-_Eurasian_Wren_-_Troglodytes_troglodytes,/Users/esmesturgess/Library/CloudStorage/GoogleDrive-esmesturgessdurden@gmail.com/My Drive/Bird_recordings/Wren /XC1088721 - Eurasian Wren - Troglodytes troglodytes.wav,wren,Eurasian Wren,Troglodytes troglodytes,drive_folder,web,train,
XC1088722_-_Eurasian_Wren_-_Troglodytes_troglodytes,/Users/esmesturgess/Library/CloudStorage/GoogleDrive-esmesturgessdurden@gmail.com/My Drive/Bird_recordings/Wren /XC1088722 - Eurasian Wren - Troglodytes troglodytes.wav,wren,Eurasian Wren,Troglodytes troglodytes,drive_folder,web,train,
XC1088734_Troglodytes_troglodytes,/Users/esmesturgess/Library/CloudStorage/GoogleDrive-esmesturgessdurden@gmail.com/My Drive/Bird_recordings/Wren /XC1088734_Troglodytes_troglodytes.wav,wren,Eurasian Wren,Troglodytes troglodytes,drive_folder,web,train,
XC1088757_Troglodytes_troglodytes,/Users/esmesturgess/Library/CloudStorage/GoogleDrive-esmesturgessdurden@gmail.com/My Drive/Bird_recordings/Wren /XC1088757_Troglodytes_troglodytes.wav,wren,Eurasian Wren,Troglodytes troglodytes,drive_folder,web,train,
XC1088760_-_Eurasian_Wren_-_Troglodytes_troglodytes,/Users/esmesturgess/Library/CloudStorage/GoogleDrive-esmesturgessdurden@gmail.com/My Drive/Bird_recordings/Wren /XC1088760 - Eurasian Wren - Troglodytes troglodytes.wav,wren,Eurasian Wren,Troglodytes troglodytes,drive_folder,web,train,
XC1088770_Troglodytes_troglodytes,/Users/esmesturgess/Library/CloudStorage/GoogleDrive-esmesturgessdurden@gmail.com/My Drive/Bird_recordings/Wren /XC1088770_Troglodytes_troglodytes.wav,wren,Eurasian Wren,Troglodytes troglodytes,drive_folder,web,train,
XC1088791_Troglodytes_troglodytes,/Users/esmesturgess/Library/CloudStorage/GoogleDrive-esmesturgessdurden@gmail.com/My Drive/Bird_recordings/Wren /XC1088791_Troglodytes_troglodytes.wav,wren,Eurasian Wren,Troglodytes troglodytes,drive_folder,web,train,
XC1088794_-_Eurasian_Wren_-_Troglodytes_troglodytes,/Users/esmesturgess/Library/CloudStorage/GoogleDrive-esmesturgessdurden@gmail.com/My Drive/Bird_recordings/Wren /XC1088794 - Eurasian Wren - Troglodytes troglodytes.wav,wren,Eurasian Wren,Troglodytes troglodytes,drive_folder,web,train,
XC1089182_-_Eurasian_Wren_-_Troglodytes_troglodytes,/Users/esmesturgess/Library/CloudStorage/GoogleDrive-esmesturgessdurden@gmail.com/My Drive/Bird_recordings/Wren /XC1089182 - Eurasian Wren - Troglodytes troglodytes.mp3,wren,Eurasian Wren,Troglodytes troglodytes,drive_folder,web,train,
XC1089437_Troglodytes_troglodytes,/Users/esmesturgess/Library/CloudStorage/GoogleDrive-esmesturgessdurden@gmail.com/My Drive/Bird_recordings/Wren /XC1089437_Troglodytes_troglodytes.wav,wren,Eurasian Wren,Troglodytes troglodytes,drive_folder,web,train,
XC1089924_-_Eurasian_Wren_-_Troglodytes_troglodytes,/Users/esmesturgess/Library/CloudStorage/GoogleDrive-esmesturgessdurden@gmail.com/My Drive/Bird_recordings/Wren /XC1089924 - Eurasian Wren - Troglodytes troglodytes.wav,wren,Eurasian Wren,Troglodytes troglodytes,drive_folder,web,train,
XC1092651_Troglodytes_troglodytes,/Users/esmesturgess/Library/CloudStorage/GoogleDrive-esmesturgessdurden@gmail.com/My Drive/Bird_recordings/Wren /XC1092651_Troglodytes_troglodytes.wav,wren,Eurasian Wren,Troglodytes troglodytes,drive_folder,web,train,
XC1093028_Troglodytes_troglodytes,/Users/esmesturgess/Library/CloudStorage/GoogleDrive-esmesturgessdurden@gmail.com/My Drive/Bird_recordings/Wren /XC1093028_Troglodytes_troglodytes.wav,wren,Eurasian Wren,Troglodytes troglodytes,drive_folder,web,train,
XC133869_Troglodytes_troglodytes,/Users/esmesturgess/Library/CloudStorage/GoogleDrive-esmesturgessdurden@gmail.com/My Drive/Bird_recordings/Wren /XC133869_Troglodytes_troglodytes.mp3,wren,Eurasian Wren,Troglodytes troglodytes,drive_folder,web,train,
XC133875_Troglodytes_troglodytes,/Users/esmesturgess/Library/CloudStorage/GoogleDrive-esmesturgessdurden@gmail.com/My Drive/Bird_recordings/Wren /XC133875_Troglodytes_troglodytes.mp3,wren,Eurasian Wren,Troglodytes troglodytes,drive_folder,web,train,
XC187240_Troglodytes_troglodytes,/Users/esmesturgess/Library/CloudStorage/GoogleDrive-esmesturgessdurden@gmail.com/My Drive/Bird_recordings/Wren /XC187240_Troglodytes_troglodytes.mp3,wren,Eurasian Wren,Troglodytes troglodytes,drive_folder,web,train,
XC190954_Troglodytes_troglodytes,/Users/esmesturgess/Library/CloudStorage/GoogleDrive-esmesturgessdurden@gmail.com/My Drive/Bird_recordings/Wren /XC190954_Troglodytes_troglodytes.mp3,wren,Eurasian Wren,Troglodytes troglodytes,drive_folder,web,train,
XC314450_Troglodytes_troglodytes,/Users/esmesturgess/Library/CloudStorage/GoogleDrive-esmesturgessdurden@gmail.com/My Drive/Bird_recordings/Wren /XC314450_Troglodytes_troglodytes.mp3,wren,Eurasian Wren,Troglodytes troglodytes,drive_folder,web,train,
XC321219_Troglodytes_troglodytes,/Users/esmesturgess/Library/CloudStorage/GoogleDrive-esmesturgessdurden@gmail.com/My Drive/Bird_recordings/Wren /XC321219_Troglodytes_troglodytes.mp3,wren,Eurasian Wren,Troglodytes troglodytes,drive_folder,web,train,
XC321220_Troglodytes_troglodytes,/Users/esmesturgess/Library/CloudStorage/GoogleDrive-esmesturgessdurden@gmail.com/My Drive/Bird_recordings/Wren /XC321220_Troglodytes_troglodytes.mp3,wren,Eurasian Wren,Troglodytes troglodytes,drive_folder,web,train,
XC374863_Troglodytes_troglodytes,/Users/esmesturgess/Library/CloudStorage/GoogleDrive-esmesturgessdurden@gmail.com/My Drive/Bird_recordings/Wren /XC374863_Troglodytes_troglodytes.mp3,wren,Eurasian Wren,Troglodytes troglodytes,drive_folder,web,train,
XC430600_Troglodytes_troglodytes,/Users/esmesturgess/Library/CloudStorage/GoogleDrive-esmesturgessdurden@gmail.com/My Drive/Bird_recordings/Wren /XC430600_Troglodytes_troglodytes.mp3,wren,Eurasian Wren,Troglodytes troglodytes,drive_folder,web,train,
XC442999_Troglodytes_troglodytes,/Users/esmesturgess/Library/CloudStorage/GoogleDrive-esmesturgessdurden@gmail.com/My Drive/Bird_recordings/Wren /XC442999_Troglodytes_troglodytes.mp3,wren,Eurasian Wren,Troglodytes troglodytes,drive_folder,web,train,
XC507451_Troglodytes_troglodytes,/Users/esmesturgess/Library/CloudStorage/GoogleDrive-esmesturgessdurden@gmail.com/My Drive/Bird_recordings/Wren /XC507451_Troglodytes_troglodytes.mp3,wren,Eurasian Wren,Troglodytes troglodytes,drive_folder,web,train,
XC507458_Troglodytes_troglodytes,/Users/esmesturgess/Library/CloudStorage/GoogleDrive-esmesturgessdurden@gmail.com/My Drive/Bird_recordings/Wren /XC507458_Troglodytes_troglodytes.mp3,wren,Eurasian Wren,Troglodytes troglodytes,drive_folder,web,train,
XC507464_Troglodytes_troglodytes,/Users/esmesturgess/Library/CloudStorage/GoogleDrive-esmesturgessdurden@gmail.com/My Drive/Bird_recordings/Wren /XC507464_Troglodytes_troglodytes.mp3,wren,Eurasian Wren,Troglodytes troglodytes,drive_folder,web,train,
XC507465_Troglodytes_troglodytes,/Users/esmesturgess/Library/CloudStorage/GoogleDrive-esmesturgessdurden@gmail.com/My Drive/Bird_recordings/Wren /XC507465_Troglodytes_troglodytes.mp3,wren,Eurasian Wren,Troglodytes troglodytes,drive_folder,web,train,
XC507466_Troglodytes_troglodytes,/Users/esmesturgess/Library/CloudStorage/GoogleDrive-esmesturgessdurden@gmail.com/My Drive/Bird_recordings/Wren /XC507466_Troglodytes_troglodytes.mp3,wren,Eurasian Wren,Troglodytes troglodytes,drive_folder,web,train,
XC507467_Troglodytes_troglodytes,/Users/esmesturgess/Library/CloudStorage/GoogleDrive-esmesturgessdurden@gmail.com/My Drive/Bird_recordings/Wren /XC507467_Troglodytes_troglodytes.mp3,wren,Eurasian Wren,Troglodytes troglodytes,drive_folder,web,train,
XC507468_Troglodytes_troglodytes,/Users/esmesturgess/Library/CloudStorage/GoogleDrive-esmesturgessdurden@gmail.com/My Drive/Bird_recordings/Wren /XC507468_Troglodytes_troglodytes.mp3,wren,Eurasian Wren,Troglodytes troglodytes,drive_folder,web,train,
XC507470_Troglodytes_troglodytes,/Users/esmesturgess/Library/CloudStorage/GoogleDrive-esmesturgessdurden@gmail.com/My Drive/Bird_recordings/Wren /XC507470_Troglodytes_troglodytes.mp3,wren,Eurasian Wren,Troglodytes troglodytes,drive_folder,web,train,
XC507472_Troglodytes_troglodytes,/Users/esmesturgess/Library/CloudStorage/GoogleDrive-esmesturgessdurden@gmail.com/My Drive/Bird_recordings/Wren /XC507472_Troglodytes_troglodytes.mp3,wren,Eurasian Wren,Troglodytes troglodytes,drive_folder,web,train,
XC507484_Troglodytes_troglodytes,/Users/esmesturgess/Library/CloudStorage/GoogleDrive-esmesturgessdurden@gmail.com/My Drive/Bird_recordings/Wren /XC507484_Troglodytes_troglodytes.mp3,wren,Eurasian Wren,Troglodytes troglodytes,drive_folder,web,train,
XC507486_Troglodytes_troglodytes,/Users/esmesturgess/Library/CloudStorage/GoogleDrive-esmesturgessdurden@gmail.com/My Drive/Bird_recordings/Wren /XC507486_Troglodytes_troglodytes.mp3,wren,Eurasian Wren,Troglodytes troglodytes,drive_folder,web,train,
XC507490_Troglodytes_troglodytes,/Users/esmesturgess/Library/CloudStorage/GoogleDrive-esmesturgessdurden@gmail.com/My Drive/Bird_recordings/Wren /XC507490_Troglodytes_troglodytes.mp3,wren,Eurasian Wren,Troglodytes troglodytes,drive_folder,web,train,
XC507491_Troglodytes_troglodytes,/Users/esmesturgess/Library/CloudStorage/GoogleDrive-esmesturgessdurden@gmail.com/My Drive/Bird_recordings/Wren /XC507491_Troglodytes_troglodytes.mp3,wren,Eurasian Wren,Troglodytes troglodytes,drive_folder,web,train,
XC507493_Troglodytes_troglodytes,/Users/esmesturgess/Library/CloudStorage/GoogleDrive-esmesturgessdurden@gmail.com/My Drive/Bird_recordings/Wren /XC507493_Troglodytes_troglodytes.mp3,wren,Eurasian Wren,Troglodytes troglodytes,drive_folder,web,train,
XC507494_Troglodytes_troglodytes,/Users/esmesturgess/Library/CloudStorage/GoogleDrive-esmesturgessdurden@gmail.com/My Drive/Bird_recordings/Wren /XC507494_Troglodytes_troglodytes.mp3,wren,Eurasian Wren,Troglodytes troglodytes,drive_folder,web,train,
XC507495_Troglodytes_troglodytes,/Users/esmesturgess/Library/CloudStorage/GoogleDrive-esmesturgessdurden@gmail.com/My Drive/Bird_recordings/Wren /XC507495_Troglodytes_troglodytes.mp3,wren,Eurasian Wren,Troglodytes troglodytes,drive_folder,web,train,
XC507500_Troglodytes_troglodytes,/Users/esmesturgess/Library/CloudStorage/GoogleDrive-esmesturgessdurden@gmail.com/My Drive/Bird_recordings/Wren /XC507500_Troglodytes_troglodytes.mp3,wren,Eurasian Wren,Troglodytes troglodytes,drive_folder,web,train,
XC507506_Troglodytes_troglodytes,/Users/esmesturgess/Library/CloudStorage/GoogleDrive-esmesturgessdurden@gmail.com/My Drive/Bird_recordings/Wren /XC507506_Troglodytes_troglodytes.mp3,wren,Eurasian Wren,Troglodytes troglodytes,drive_folder,web,train,
XC507509_Troglodytes_troglodytes,/Users/esmesturgess/Library/CloudStorage/GoogleDrive-esmesturgessdurden@gmail.com/My Drive/Bird_recordings/Wren /XC507509_Troglodytes_troglodytes.mp3,wren,Eurasian Wren,Troglodytes troglodytes,drive_folder,web,train,
XC507510_Troglodytes_troglodytes,/Users/esmesturgess/Library/CloudStorage/GoogleDrive-esmesturgessdurden@gmail.com/My Drive/Bird_recordings/Wren /XC507510_Troglodytes_troglodytes.mp3,wren,Eurasian Wren,Troglodytes troglodytes,drive_folder,web,train,
XC540362_Troglodytes_troglodytes,/Users/esmesturgess/Library/CloudStorage/GoogleDrive-esmesturgessdurden@gmail.com/My Drive/Bird_recordings/Wren /XC540362_Troglodytes_troglodytes.mp3,wren,Eurasian Wren,Troglodytes troglodytes,drive_folder,web,train,
XC552052_Troglodytes_troglodytes,/Users/esmesturgess/Library/CloudStorage/GoogleDrive-esmesturgessdurden@gmail.com/My Drive/Bird_recordings/Wren /XC552052_Troglodytes_troglodytes.mp3,wren,Eurasian Wren,Troglodytes troglodytes,drive_folder,web,train,
XC555607_Troglodytes_troglodytes,/Users/esmesturgess/Library/CloudStorage/GoogleDrive-esmesturgessdurden@gmail.com/My Drive/Bird_recordings/Wren /XC555607_Troglodytes_troglodytes.mp3,wren,Eurasian Wren,Troglodytes troglodytes,drive_folder,web,train,
XC558980_Troglodytes_troglodytes,/Users/esmesturgess/Library/CloudStorage/GoogleDrive-esmesturgessdurden@gmail.com/My Drive/Bird_recordings/Wren /XC558980_Troglodytes_troglodytes.mp3,wren,Eurasian Wren,Troglodytes troglodytes,drive_folder,web,train,
XC582112_Troglodytes_troglodytes,/Users/esmesturgess/Library/CloudStorage/GoogleDrive-esmesturgessdurden@gmail.com/My Drive/Bird_recordings/Wren /XC582112_Troglodytes_troglodytes.mp3,wren,Eurasian Wren,Troglodytes troglodytes,drive_folder,web,train,
XC600669_Troglodytes_troglodytes,/Users/esmesturgess/Library/CloudStorage/GoogleDrive-esmesturgessdurden@gmail.com/My Drive/Bird_recordings/Wren /XC600669_Troglodytes_troglodytes.mp3,wren,Eurasian Wren,Troglodytes troglodytes,drive_folder,web,train,
XC601058_Troglodytes_troglodytes,/Users/esmesturgess/Library/CloudStorage/GoogleDrive-esmesturgessdurden@gmail.com/My Drive/Bird_recordings/Wren /XC601058_Troglodytes_troglodytes.mp3,wren,Eurasian Wren,Troglodytes troglodytes,drive_folder,web,train,
XC601059_Troglodytes_troglodytes,/Users/esmesturgess/Library/CloudStorage/GoogleDrive-esmesturgessdurden@gmail.com/My Drive/Bird_recordings/Wren /XC601059_Troglodytes_troglodytes.mp3,wren,Eurasian Wren,Troglodytes troglodytes,drive_folder,web,train,
XC623360_Troglodytes_troglodytes,/Users/esmesturgess/Library/CloudStorage/GoogleDrive-esmesturgessdurden@gmail.com/My Drive/Bird_recordings/Wren /XC623360_Troglodytes_troglodytes.mp3,wren,Eurasian Wren,Troglodytes troglodytes,drive_folder,web,train,
XC631225_Troglodytes_troglodytes,/Users/esmesturgess/Library/CloudStorage/GoogleDrive-esmesturgessdurden@gmail.com/My Drive/Bird_recordings/Wren /XC631225_Troglodytes_troglodytes.mp3,wren,Eurasian Wren,Troglodytes troglodytes,drive_folder,web,train,
XC635607_Troglodytes_troglodytes,/Users/esmesturgess/Library/CloudStorage/GoogleDrive-esmesturgessdurden@gmail.com/My Drive/Bird_recordings/Wren /XC635607_Troglodytes_troglodytes.mp3,wren,Eurasian Wren,Troglodytes troglodytes,drive_folder,web,train,
XC639693_Troglodytes_troglodytes,/Users/esmesturgess/Library/CloudStorage/GoogleDrive-esmesturgessdurden@gmail.com/My Drive/Bird_recordings/Wren /XC639693_Troglodytes_troglodytes.mp3,wren,Eurasian Wren,Troglodytes troglodytes,drive_folder,web,train,
XC641797_Troglodytes_troglodytes,/Users/esmesturgess/Library/CloudStorage/GoogleDrive-esmesturgessdurden@gmail.com/My Drive/Bird_recordings/Wren /XC641797_Troglodytes_troglodytes.mp3,wren,Eurasian Wren,Troglodytes troglodytes,drive_folder,web,train,
XC667226_Troglodytes_troglodytes,/Users/esmesturgess/Library/CloudStorage/GoogleDrive-esmesturgessdurden@gmail.com/My Drive/Bird_recordings/Wren /XC667226_Troglodytes_troglodytes.mp3,wren,Eurasian Wren,Troglodytes troglodytes,drive_folder,web,train,
XC696805_Troglodytes_troglodytes,/Users/esmesturgess/Library/CloudStorage/GoogleDrive-esmesturgessdurden@gmail.com/My Drive/Bird_recordings/Wren /XC696805_Troglodytes_troglodytes.mp3,wren,Eurasian Wren,Troglodytes troglodytes,drive_folder,web,train,
XC703128_Troglodytes_troglodytes,/Users/esmesturgess/Library/CloudStorage/GoogleDrive-esmesturgessdurden@gmail.com/My Drive/Bird_recordings/Wren /XC703128_Troglodytes_troglodytes.mp3,wren,Eurasian Wren,Troglodytes troglodytes,drive_folder,web,train,
XC714144_Troglodytes_troglodytes,/Users/esmesturgess/Library/CloudStorage/GoogleDrive-esmesturgessdurden@gmail.com/My Drive/Bird_recordings/Wren /XC714144_Troglodytes_troglodytes.mp3,wren,Eurasian Wren,Troglodytes troglodytes,drive_folder,web,train,
XC719571_Troglodytes_troglodytes,/Users/esmesturgess/Library/CloudStorage/GoogleDrive-esmesturgessdurden@gmail.com/My Drive/Bird_recordings/Wren /XC719571_Troglodytes_troglodytes.mp3,wren,Eurasian Wren,Troglodytes troglodytes,drive_folder,web,train,
XC733512_Troglodytes_troglodytes,/Users/esmesturgess/Library/CloudStorage/GoogleDrive-esmesturgessdurden@gmail.com/My Drive/Bird_recordings/Wren /XC733512_Troglodytes_troglodytes.mp3,wren,Eurasian Wren,Troglodytes troglodytes,drive_folder,web,train,
XC733516_Troglodytes_troglodytes,/Users/esmesturgess/Library/CloudStorage/GoogleDrive-esmesturgessdurden@gmail.com/My Drive/Bird_recordings/Wren /XC733516_Troglodytes_troglodytes.mp3,wren,Eurasian Wren,Troglodytes troglodytes,drive_folder,web,train,
XC799625_Troglodytes_troglodytes,/Users/esmesturgess/Library/CloudStorage/GoogleDrive-esmesturgessdurden@gmail.com/My Drive/Bird_recordings/Wren /XC799625_Troglodytes_troglodytes.wav,wren,Eurasian Wren,Troglodytes troglodytes,drive_folder,web,train,
XC800741_Troglodytes_troglodytes,/Users/esmesturgess/Library/CloudStorage/GoogleDrive-esmesturgessdurden@gmail.com/My Drive/Bird_recordings/Wren /XC800741_Troglodytes_troglodytes.mp3,wren,Eurasian Wren,Troglodytes troglodytes,drive_folder,web,train,
XC839227_Troglodytes_troglodytes,/Users/esmesturgess/Library/CloudStorage/GoogleDrive-esmesturgessdurden@gmail.com/My Drive/Bird_recordings/Wren /XC839227_Troglodytes_troglodytes.wav,wren,Eurasian Wren,Troglodytes troglodytes,drive_folder,web,train,
XC858543_Troglodytes_troglodytes,/Users/esmesturgess/Library/CloudStorage/GoogleDrive-esmesturgessdurden@gmail.com/My Drive/Bird_recordings/Wren /XC858543_Troglodytes_troglodytes.wav,wren,Eurasian Wren,Troglodytes troglodytes,drive_folder,web,train,
XC858544_Troglodytes_troglodytes,/Users/esmesturgess/Library/CloudStorage/GoogleDrive-esmesturgessdurden@gmail.com/My Drive/Bird_recordings/Wren /XC858544_Troglodytes_troglodytes.wav,wren,Eurasian Wren,Troglodytes troglodytes,drive_folder,web,train,
XC883792_Troglodytes_troglodytes,/Users/esmesturgess/Library/CloudStorage/GoogleDrive-esmesturgessdurden@gmail.com/My Drive/Bird_recordings/Wren /XC883792_Troglodytes_troglodytes.wav,wren,Eurasian Wren,Troglodytes troglodytes,drive_folder,web,train,
XC895699_Troglodytes_troglodytes,/Users/esmesturgess/Library/CloudStorage/GoogleDrive-esmesturgessdurden@gmail.com/My Drive/Bird_recordings/Wren /XC895699_Troglodytes_troglodytes.wav,wren,Eurasian Wren,Troglodytes troglodytes,drive_folder,web,train,
